Site : ;Le Conquet
Système horaire : ;0

;;Pleine Mer (PM);;;;;Basse Mer (BM)
;;Matin;;Soir;;;Matin;;Soir
Mois/Année;Jour;Heure;Hauteur (m);Heure;Hauteur (m);;Heure;Hauteur (m);Heure;Hauteur (m);
Janvier 2019;Mar. 01;00:00;5.71;12:30;5.79; ;06:26;2.35;19:04;2.21;
Janvier 2019;Mer. 02;01:03;5.87;13:30;5.92; ;07:31;2.2;20:02;2.06;
Janvier 2019;Jeu. 03;01:56;6.1;14:22;6.09; ;08:25;2;20:50;1.9;
Janvier 2019;Ven. 04;02:43;6.31;15:06;6.23; ;09:12;1.82;21:32;1.76;
Janvier 2019;Sam. 05;03:24;6.47;15:45;6.34; ;09:54;1.67;22:11;1.68;
Janvier 2019;Dim. 06;04:01;6.58;16:21;6.39; ;10:32;1.58;22:47;1.64;
Janvier 2019;Lun. 07;04:37;6.64;16:56;6.4; ;11:08;1.55;23:22;1.67;
Janvier 2019;Mar. 08;05:11;6.63;17:30;6.34; ;11:42;1.58;23:55;1.75;
Janvier 2019;Mer. 09;05:46;6.55;18:03;6.23; ;12:15;1.68; ;  ;
Janvier 2019;Jeu. 10;06:20;6.41;18:37;6.06; ;00:28;1.88;12:49;1.83;
Janvier 2019;Ven. 11;06:55;6.21;19:12;5.86; ;01:02;2.05;13:24;2.02;
Janvier 2019;Sam. 12;07:32;5.99;19:51;5.65; ;01:38;2.25;14:02;2.23;
Janvier 2019;Dim. 13;08:14;5.75;20:39;5.45; ;02:19;2.47;14:45;2.44;
Janvier 2019;Lun. 14;09:06;5.53;21:39;5.31; ;03:08;2.66;15:38;2.61;
Janvier 2019;Mar. 15;10:10;5.4;22:49;5.31; ;04:08;2.78;16:43;2.67;
Janvier 2019;Mer. 16;11:23;5.44; ;  ; ;05:19;2.76;17:56;2.57;
Janvier 2019;Jeu. 17;00:02;5.5;12:34;5.65; ;06:32;2.54;19:04;2.29;
Janvier 2019;Ven. 18;01:07;5.85;13:38;6; ;07:37;2.17;20:03;1.92;
Janvier 2019;Sam. 19;02:04;6.28;14:33;6.4; ;08:33;1.73;20:56;1.52;
Janvier 2019;Dim. 20;02:56;6.71;15:25;6.77; ;09:26;1.29;21:46;1.17;
Janvier 2019;Lun. 21;03:45;7.08;16:14;7.06; ;10:17;0.92;22:36;0.91;
Janvier 2019;Mar. 22;04:33;7.34;17:02;7.21; ;11:07;0.68;23:25;0.78;
Janvier 2019;Mer. 23;05:21;7.45;17:49;7.2; ;11:57;0.6; ;  ;
Janvier 2019;Jeu. 24;06:08;7.39;18:35;7.03; ;00:13;0.81;12:46;0.7;
Janvier 2019;Ven. 25;06:55;7.15;19:22;6.72; ;01:02;1;13:34;0.98;
Janvier 2019;Sam. 26;07:42;6.77;20:10;6.32; ;01:50;1.32;14:22;1.39;
Janvier 2019;Dim. 27;08:32;6.31;21:02;5.91; ;02:39;1.72;15:12;1.84;
Janvier 2019;Lun. 28;09:28;5.85;22:04;5.57; ;03:33;2.12;16:08;2.25;
Janvier 2019;Mar. 29;10:36;5.49;23:18;5.4; ;04:35;2.45;17:15;2.53;
Janvier 2019;Mer. 30;11:56;5.36; ;  ; ;05:48;2.6;18:30;2.59;
Janvier 2019;Jeu. 31;00:35;5.47;13:10;5.45; ;07:04;2.54;19:39;2.45;
Février 2019;Ven. 01;01:38;5.71;14:07;5.68; ;08:07;2.32;20:33;2.22;
Février 2019;Sam. 02;02:28;5.99;14:54;5.92; ;08:57;2.06;21:17;1.98;
Février 2019;Dim. 03;03:10;6.24;15:33;6.13; ;09:39;1.82;21:56;1.78;
Février 2019;Lun. 04;03:47;6.45;16:07;6.29; ;10:16;1.63;22:32;1.63;
Février 2019;Mar. 05;04:21;6.59;16:40;6.4; ;10:50;1.5;23:05;1.55;
Février 2019;Mer. 06;04:54;6.67;17:12;6.44; ;11:23;1.44;23:36;1.52;
Février 2019;Jeu. 07;05:26;6.68;17:43;6.42; ;11:54;1.44; ;  ;
Février 2019;Ven. 08;05:58;6.61;18:13;6.33; ;00:07;1.56;12:26;1.52;
Février 2019;Sam. 09;06:29;6.48;18:45;6.19; ;00:39;1.67;12:57;1.66;
Février 2019;Dim. 10;07:02;6.28;19:18;5.99; ;01:11;1.84;13:31;1.87;
Février 2019;Lun. 11;07:38;6.03;19:58;5.76; ;01:46;2.07;14:08;2.12;
Février 2019;Mar. 12;08:22;5.74;20:47;5.51; ;02:27;2.33;14:53;2.38;
Février 2019;Mer. 13;09:18;5.47;21:53;5.32; ;03:18;2.57;15:51;2.6;
Février 2019;Jeu. 14;10:33;5.31;23:15;5.33; ;04:27;2.72;17:08;2.68;
Février 2019;Ven. 15;12:00;5.4; ;  ; ;05:53;2.64;18:31;2.5;
Février 2019;Sam. 16;00:38;5.61;13:18;5.76; ;07:12;2.29;19:42;2.09;
Février 2019;Dim. 17;01:46;6.08;14:19;6.24; ;08:17;1.77;20:41;1.6;
Février 2019;Lun. 18;02:42;6.61;15:12;6.72; ;09:13;1.23;21:34;1.13;
Février 2019;Mar. 19;03:33;7.09;16:01;7.11; ;10:06;0.77;22:24;0.76;
Février 2019;Mer. 20;04:21;7.44;16:47;7.33; ;10:55;0.46;23:12;0.55;
Février 2019;Jeu. 21;05:07;7.6;17:32;7.37; ;11:42;0.36;23:58;0.53;
Février 2019;Ven. 22;05:51;7.55;18:15;7.22; ;12:27;0.47; ;  ;
Février 2019;Sam. 23;06:34;7.28;18:57;6.89; ;00:43;0.71;13:11;0.8;
Février 2019;Dim. 24;07:16;6.85;19:39;6.46; ;01:26;1.08;13:53;1.28;
Février 2019;Lun. 25;07:59;6.31;20:24;5.97; ;02:10;1.55;14:37;1.83;
Février 2019;Mar. 26;08:47;5.76;21:17;5.52; ;02:57;2.07;15:26;2.35;
Février 2019;Mer. 27;09:49;5.27;22:31;5.19; ;03:53;2.52;16:29;2.75;
Février 2019;Jeu. 28;11:18;5.02; ;  ; ;05:06;2.81;17:52;2.91;
Mars 2019;Ven. 01;00:03;5.17;12:49;5.12; ;06:34;2.8;19:14;2.76;
Mars 2019;Sam. 02;01:18;5.42;13:52;5.42; ;07:46;2.55;20:14;2.46;
Mars 2019;Dim. 03;02:10;5.76;14:37;5.75; ;08:38;2.22;20:59;2.13;
Mars 2019;Lun. 04;02:52;6.09;15:14;6.04; ;09:19;1.91;21:37;1.84;
Mars 2019;Mar. 05;03:28;6.36;15:47;6.28; ;09:55;1.65;22:11;1.61;
Mars 2019;Mer. 06;04:00;6.57;16:18;6.45; ;10:28;1.45;22:43;1.45;
Mars 2019;Jeu. 07;04:32;6.71;16:49;6.56; ;10:59;1.33;23:13;1.35;
Mars 2019;Ven. 08;05:03;6.77;17:18;6.6; ;11:29;1.28;23:44;1.34;
Mars 2019;Sam. 09;05:33;6.76;17:48;6.57; ;12:00;1.31; ;  ;
Mars 2019;Dim. 10;06:03;6.66;18:18;6.46; ;00:14;1.4;12:31;1.43;
Mars 2019;Lun. 11;06:35;6.48;18:51;6.27; ;00:46;1.56;13:03;1.64;
Mars 2019;Mar. 12;07:11;6.21;19:28;6.01; ;01:19;1.79;13:38;1.93;
Mars 2019;Mer. 13;07:52;5.88;20:14;5.7; ;01:57;2.09;14:20;2.26;
Mars 2019;Jeu. 14;08:46;5.52;21:16;5.4; ;02:46;2.41;15:16;2.57;
Mars 2019;Ven. 15;10:01;5.25;22:43;5.28; ;03:55;2.66;16:36;2.75;
Mars 2019;Sam. 16;11:40;5.28; ;  ; ;05:28;2.66;18:08;2.61;
Mars 2019;Dim. 17;00:18;5.52;13:04;5.67; ;06:55;2.3;19:25;2.18;
Mars 2019;Lun. 18;01:31;6.03;14:06;6.21; ;08:03;1.75;20:27;1.63;
Mars 2019;Mar. 19;02:28;6.6;14:57;6.73; ;08:59;1.18;21:20;1.11;
Mars 2019;Mer. 20;03:17;7.09;15:44;7.13; ;09:50;0.72;22:09;0.71;
Mars 2019;Jeu. 21;04:03;7.43;16:28;7.35; ;10:37;0.43;22:55;0.5;
Mars 2019;Ven. 22;04:47;7.57;17:10;7.39; ;11:21;0.37;23:38;0.49;
Mars 2019;Sam. 23;05:29;7.48;17:50;7.24; ;12:04;0.53; ;  ;
Mars 2019;Dim. 24;06:09;7.2;18:29;6.92; ;00:20;0.69;12:44;0.88;
Mars 2019;Lun. 25;06:48;6.75;19:08;6.5; ;01:00;1.06;13:23;1.37;
Mars 2019;Mar. 26;07:27;6.22;19:49;6.02; ;01:40;1.55;14:02;1.92;
Mars 2019;Mer. 27;08:11;5.67;20:37;5.54; ;02:23;2.08;14:47;2.45;
Mars 2019;Jeu. 28;09:06;5.17;21:44;5.15; ;03:15;2.57;15:46;2.89;
Mars 2019;Ven. 29;10:34;4.86;23:20;5.03; ;04:24;2.91;17:08;3.1;
Mars 2019;Sam. 30;12:18;4.94; ;  ; ;05:55;2.96;18:40;2.98;
Mars 2019;Dim. 31;00:45;5.23;13:25;5.26; ;07:15;2.72;19:44;2.65;
Avril 2019;Lun. 01;01:41;5.58;14:10;5.63; ;08:09;2.37;20:30;2.29;
Avril 2019;Mar. 02;02:23;5.93;14:46;5.96; ;08:50;2.02;21:09;1.95;
Avril 2019;Mer. 03;02:59;6.25;15:19;6.25; ;09:26;1.72;21:43;1.67;
Avril 2019;Jeu. 04;03:33;6.5;15:50;6.47; ;09:59;1.48;22:15;1.45;
Avril 2019;Ven. 05;04:05;6.68;16:21;6.62; ;10:30;1.32;22:46;1.31;
Avril 2019;Sam. 06;04:36;6.78;16:51;6.71; ;11:01;1.23;23:18;1.25;
Avril 2019;Dim. 07;05:07;6.8;17:22;6.72; ;11:32;1.24;23:50;1.28;
Avril 2019;Lun. 08;05:39;6.74;17:54;6.64; ;12:05;1.35; ;  ;
Avril 2019;Mar. 09;06:13;6.57;18:28;6.46; ;00:23;1.41;12:38;1.55;
Avril 2019;Mer. 10;06:50;6.29;19:08;6.18; ;00:58;1.65;13:16;1.85;
Avril 2019;Jeu. 11;07:34;5.93;19:56;5.84; ;01:39;1.95;14:00;2.21;
Avril 2019;Ven. 12;08:30;5.55;20:59;5.51; ;02:31;2.29;14:59;2.55;
Avril 2019;Sam. 13;09:49;5.27;22:27;5.37; ;03:42;2.55;16:21;2.73;
Avril 2019;Dim. 14;11:27;5.33; ;  ; ;05:14;2.54;17:51;2.58;
Avril 2019;Lun. 15;00:01;5.6;12:48;5.72; ;06:38;2.21;19:07;2.16;
Avril 2019;Mar. 16;01:13;6.06;13:47;6.22; ;07:45;1.71;20:08;1.65;
Avril 2019;Mer. 17;02:09;6.57;14:37;6.68; ;08:41;1.22;21:01;1.19;
Avril 2019;Jeu. 18;02:57;6.98;15:23;7.02; ;09:30;0.85;21:49;0.85;
Avril 2019;Ven. 19;03:42;7.23;16:05;7.2; ;10:15;0.65;22:33;0.68;
Avril 2019;Sam. 20;04:25;7.3;16:46;7.22; ;10:57;0.65;23:15;0.7;
Avril 2019;Dim. 21;05:05;7.2;17:24;7.08; ;11:38;0.82;23:56;0.89;
Avril 2019;Lun. 22;05:43;6.93;18:02;6.82; ;12:16;1.14; ;  ;
Avril 2019;Mar. 23;06:21;6.55;18:40;6.46; ;00:34;1.22;12:54;1.57;
Avril 2019;Mer. 24;06:59;6.1;19:20;6.05; ;01:13;1.64;13:32;2.04;
Avril 2019;Jeu. 25;07:41;5.63;20:05;5.62; ;01:54;2.1;14:14;2.5;
Avril 2019;Ven. 26;08:32;5.2;21:05;5.25; ;02:41;2.53;15:08;2.89;
Avril 2019;Sam. 27;09:47;4.9;22:26;5.06; ;03:42;2.86;16:20;3.12;
Avril 2019;Dim. 28;11:22;4.88;23:51;5.14; ;05:03;2.98;17:48;3.08;
Avril 2019;Lun. 29;12:38;5.13; ;  ; ;06:25;2.83;18:58;2.82;
Avril 2019;Mar. 30;00:55;5.41;13:28;5.47; ;07:24;2.53;19:49;2.47;
Mai 2019;Mer. 01;01:42;5.74;14:07;5.82; ;08:09;2.19;20:30;2.13;
Mai 2019;Jeu. 02;02:22;6.06;14:43;6.14; ;08:48;1.87;21:07;1.82;
Mai 2019;Ven. 03;02:58;6.34;15:17;6.4; ;09:23;1.61;21:42;1.57;
Mai 2019;Sam. 04;03:33;6.55;15:50;6.6; ;09:57;1.42;22:17;1.38;
Mai 2019;Dim. 05;04:08;6.7;16:23;6.73; ;10:31;1.3;22:51;1.27;
Mai 2019;Lun. 06;04:42;6.76;16:57;6.78; ;11:06;1.27;23:27;1.26;
Mai 2019;Mar. 07;05:18;6.72;17:34;6.73; ;11:42;1.35; ;  ;
Mai 2019;Mer. 08;05:56;6.58;18:13;6.58; ;00:04;1.35;12:20;1.53;
Mai 2019;Jeu. 09;06:38;6.33;18:57;6.32; ;00:45;1.54;13:02;1.8;
Mai 2019;Ven. 10;07:27;6;19:49;6.01; ;01:31;1.81;13:52;2.12;
Mai 2019;Sam. 11;08:26;5.66;20:54;5.72; ;02:28;2.11;14:55;2.41;
Mai 2019;Dim. 12;09:43;5.45;22:16;5.61; ;03:39;2.32;16:12;2.54;
Mai 2019;Lun. 13;11:09;5.5;23:38;5.75; ;04:59;2.32;17:32;2.43;
Mai 2019;Mar. 14;12:23;5.78; ;  ; ;06:16;2.09;18:43;2.12;
Mai 2019;Mer. 15;00:48;6.07;13:22;6.15; ;07:21;1.75;19:45;1.74;
Mai 2019;Jeu. 16;01:45;6.41;14:13;6.5; ;08:17;1.41;20:38;1.4;
Mai 2019;Ven. 17;02:34;6.69;14:59;6.75; ;09:06;1.17;21:27;1.16;
Mai 2019;Sam. 18;03:20;6.85;15:42;6.89; ;09:51;1.06;22:11;1.04;
Mai 2019;Dim. 19;04:02;6.88;16:22;6.91; ;10:33;1.08;22:53;1.05;
Mai 2019;Lun. 20;04:42;6.79;17:00;6.83; ;11:13;1.21;23:33;1.18;
Mai 2019;Mar. 21;05:20;6.6;17:38;6.65; ;11:51;1.44; ;  ;
Mai 2019;Mer. 22;05:58;6.34;18:16;6.4; ;00:11;1.41;12:28;1.74;
Mai 2019;Jeu. 23;06:36;6.02;18:56;6.09; ;00:49;1.72;13:06;2.08;
Mai 2019;Ven. 24;07:16;5.67;19:39;5.76; ;01:29;2.06;13:46;2.42;
Mai 2019;Sam. 25;08:03;5.34;20:30;5.45; ;02:12;2.39;14:34;2.73;
Mai 2019;Dim. 26;09:01;5.08;21:33;5.23; ;03:03;2.67;15:32;2.95;
Mai 2019;Lun. 27;10:13;4.97;22:43;5.17; ;04:05;2.84;16:42;3.02;
Mai 2019;Mar. 28;11:27;5.06;23:51;5.29; ;05:16;2.84;17:54;2.9;
Mai 2019;Mer. 29;12:29;5.31; ;  ; ;06:24;2.66;18:55;2.65;
Mai 2019;Jeu. 30;00:48;5.53;13:19;5.62; ;07:18;2.38;19:44;2.34;
Mai 2019;Ven. 31;01:37;5.82;14:01;5.95; ;08:04;2.08;20:27;2.02;
Juin 2019;Sam. 01;02:20;6.11;14:41;6.25; ;08:45;1.8;21:07;1.74;
Juin 2019;Dim. 02;03:01;6.36;15:19;6.5; ;09:24;1.57;21:47;1.5;
Juin 2019;Lun. 03;03:41;6.55;15:58;6.69; ;10:03;1.41;22:27;1.32;
Juin 2019;Mar. 04;04:21;6.67;16:38;6.8; ;10:43;1.32;23:08;1.23;
Juin 2019;Mer. 05;05:02;6.7;17:19;6.81; ;11:24;1.33;23:52;1.24;
Juin 2019;Jeu. 06;05:45;6.62;18:04;6.72; ;12:08;1.43; ;  ;
Juin 2019;Ven. 07;06:32;6.44;18:52;6.53; ;00:38;1.35;12:55;1.63;
Juin 2019;Sam. 08;07:24;6.19;19:46;6.28; ;01:29;1.55;13:49;1.87;
Juin 2019;Dim. 09;08:22;5.92;20:48;6.04; ;02:26;1.79;14:49;2.11;
Juin 2019;Lun. 10;09:28;5.71;21:56;5.87; ;03:29;1.99;15:56;2.25;
Juin 2019;Mar. 11;10:40;5.66;23:09;5.85; ;04:38;2.08;17:06;2.26;
Juin 2019;Mer. 12;11:51;5.76; ;  ; ;05:47;2.05;18:15;2.13;
Juin 2019;Jeu. 13;00:18;5.95;12:54;5.97; ;06:53;1.92;19:18;1.93;
Juin 2019;Ven. 14;01:18;6.11;13:48;6.2; ;07:52;1.74;20:15;1.71;
Juin 2019;Sam. 15;02:12;6.27;14:37;6.4; ;08:44;1.59;21:06;1.53;
Juin 2019;Dim. 16;02:59;6.38;15:21;6.53; ;09:30;1.5;21:51;1.43;
Juin 2019;Lun. 17;03:43;6.43;16:02;6.6; ;10:12;1.48;22:34;1.39;
Juin 2019;Mar. 18;04:23;6.41;16:41;6.59; ;10:52;1.52;23:13;1.43;
Juin 2019;Mer. 19;05:01;6.34;17:19;6.52; ;11:30;1.63;23:51;1.54;
Juin 2019;Jeu. 20;05:39;6.21;17:56;6.38; ;12:07;1.79; ;  ;
Juin 2019;Ven. 21;06:16;6.03;18:34;6.19; ;00:28;1.7;12:43;1.99;
Juin 2019;Sam. 22;06:53;5.81;19:13;5.96; ;01:05;1.92;13:20;2.22;
Juin 2019;Dim. 23;07:33;5.58;19:55;5.71; ;01:43;2.16;14:00;2.45;
Juin 2019;Lun. 24;08:18;5.36;20:44;5.48; ;02:25;2.39;14:46;2.66;
Juin 2019;Mar. 25;09:12;5.19;21:40;5.33; ;03:13;2.58;15:40;2.81;
Juin 2019;Mer. 26;10:15;5.13;22:43;5.28; ;04:09;2.7;16:43;2.85;
Juin 2019;Jeu. 27;11:21;5.21;23:48;5.38; ;05:13;2.69;17:49;2.76;
Juin 2019;Ven. 28;12:23;5.43; ;  ; ;06:18;2.55;18:51;2.53;
Juin 2019;Sam. 29;00:48;5.59;13:18;5.73; ;07:16;2.31;19:46;2.23;
Juin 2019;Dim. 30;01:42;5.86;14:07;6.06; ;08:07;2.02;20:35;1.9;
Juillet 2019;Lun. 01;02:31;6.15;14:53;6.38; ;08:54;1.74;21:21;1.58;
Juillet 2019;Mar. 02;03:18;6.42;15:38;6.65; ;09:40;1.49;22:08;1.31;
Juillet 2019;Mer. 03;04:04;6.63;16:23;6.86; ;10:25;1.3;22:54;1.11;
Juillet 2019;Jeu. 04;04:50;6.76;17:09;6.97; ;11:11;1.2;23:42;1.01;
Juillet 2019;Ven. 05;05:37;6.78;17:56;6.97; ;11:59;1.19; ;  ;
Juillet 2019;Sam. 06;06:25;6.69;18:45;6.85; ;00:31;1.03;12:49;1.3;
Juillet 2019;Dim. 07;07:14;6.5;19:36;6.63; ;01:22;1.17;13:40;1.49;
Juillet 2019;Lun. 08;08:07;6.24;20:30;6.34; ;02:15;1.41;14:35;1.74;
Juillet 2019;Mar. 09;09:03;5.96;21:29;6.04; ;03:10;1.69;15:33;1.99;
Juillet 2019;Mer. 10;10:06;5.74;22:35;5.81; ;04:09;1.96;16:36;2.18;
Juillet 2019;Jeu. 11;11:16;5.64;23:46;5.7; ;05:13;2.15;17:43;2.26;
Juillet 2019;Ven. 12;12:25;5.7; ;  ; ;06:21;2.21;18:52;2.2;
Juillet 2019;Sam. 13;00:54;5.73;13:26;5.87; ;07:27;2.14;19:55;2.05;
Juillet 2019;Dim. 14;01:54;5.85;14:20;6.08; ;08:24;2;20:49;1.87;
Juillet 2019;Lun. 15;02:45;5.99;15:06;6.26; ;09:13;1.86;21:36;1.71;
Juillet 2019;Mar. 16;03:29;6.12;15:47;6.4; ;09:56;1.75;22:18;1.6;
Juillet 2019;Mer. 17;04:09;6.2;16:25;6.48; ;10:35;1.68;22:56;1.54;
Juillet 2019;Jeu. 18;04:46;6.24;17:01;6.5; ;11:12;1.67;23:32;1.54;
Juillet 2019;Ven. 19;05:20;6.22;17:36;6.46; ;11:46;1.71; ;  ;
Juillet 2019;Sam. 20;05:54;6.15;18:11;6.36; ;00:06;1.6;12:20;1.81;
Juillet 2019;Dim. 21;06:28;6.03;18:45;6.2; ;00:40;1.72;12:53;1.95;
Juillet 2019;Lun. 22;07:02;5.87;19:20;5.99; ;01:13;1.89;13:28;2.13;
Juillet 2019;Mar. 23;07:37;5.68;19:59;5.77; ;01:48;2.09;14:05;2.34;
Juillet 2019;Mer. 24;08:19;5.48;20:44;5.54; ;02:28;2.31;14:48;2.55;
Juillet 2019;Jeu. 25;09:10;5.31;21:41;5.36; ;03:13;2.51;15:41;2.72;
Juillet 2019;Ven. 26;10:15;5.22;22:49;5.28; ;04:10;2.65;16:47;2.79;
Juillet 2019;Sam. 27;11:27;5.29; ;  ; ;05:18;2.67;18:00;2.69;
Juillet 2019;Dim. 28;00:02;5.39;12:37;5.54; ;06:31;2.52;19:09;2.41;
Juillet 2019;Lun. 29;01:09;5.65;13:38;5.9; ;07:35;2.23;20:09;2.02;
Juillet 2019;Mar. 30;02:08;6.01;14:32;6.32; ;08:30;1.86;21:02;1.59;
Juillet 2019;Mer. 31;03:01;6.38;15:22;6.71; ;09:22;1.49;21:52;1.19;
Août 2019;Jeu. 01;03:50;6.72;16:10;7.04; ;10:11;1.18;22:42;0.87;
Août 2019;Ven. 02;04:38;6.96;16:57;7.25; ;11:00;0.95;23:31;0.69;
Août 2019;Sam. 03;05:24;7.06;17:44;7.31; ;11:48;0.86; ;  ;
Août 2019;Dim. 04;06:11;7.02;18:30;7.2; ;00:19;0.67;12:36;0.93;
Août 2019;Lun. 05;06:56;6.82;19:17;6.92; ;01:07;0.83;13:24;1.14;
Août 2019;Mar. 06;07:43;6.51;20:05;6.52; ;01:55;1.15;14:13;1.48;
Août 2019;Mer. 07;08:33;6.12;20:58;6.06; ;02:43;1.57;15:05;1.87;
Août 2019;Jeu. 08;09:29;5.75;22:00;5.65; ;03:36;2.01;16:03;2.24;
Août 2019;Ven. 09;10:39;5.48;23:15;5.39; ;04:37;2.38;17:12;2.48;
Août 2019;Sam. 10;11:58;5.44; ;  ; ;05:50;2.56;18:29;2.51;
Août 2019;Dim. 11;00:35;5.38;13:10;5.61; ;07:05;2.52;19:39;2.35;
Août 2019;Lun. 12;01:42;5.56;14:07;5.89; ;08:08;2.32;20:36;2.1;
Août 2019;Mar. 13;02:34;5.8;14:53;6.15; ;08:59;2.08;21:22;1.86;
Août 2019;Mer. 14;03:17;6.02;15:33;6.37; ;09:41;1.87;22:01;1.66;
Août 2019;Jeu. 15;03:54;6.19;16:08;6.52; ;10:18;1.71;22:37;1.53;
Août 2019;Ven. 16;04:27;6.31;16:41;6.6; ;10:52;1.61;23:10;1.46;
Août 2019;Sam. 17;04:59;6.36;17:13;6.62; ;11:24;1.58;23:41;1.46;
Août 2019;Dim. 18;05:30;6.36;17:44;6.57; ;11:55;1.61; ;  ;
Août 2019;Lun. 19;06:00;6.3;18:15;6.44; ;00:12;1.53;12:25;1.7;
Août 2019;Mar. 20;06:30;6.17;18:47;6.26; ;00:43;1.67;12:56;1.87;
Août 2019;Mer. 21;07:01;6;19:20;6.02; ;01:14;1.86;13:29;2.08;
Août 2019;Jeu. 22;07:37;5.79;20:00;5.75; ;01:48;2.11;14:06;2.34;
Août 2019;Ven. 23;08:21;5.54;20:50;5.46; ;02:28;2.38;14:53;2.6;
Août 2019;Sam. 24;09:19;5.32;22:00;5.25; ;03:20;2.63;15:56;2.8;
Août 2019;Dim. 25;10:38;5.24;23:25;5.25; ;04:29;2.79;17:19;2.81;
Août 2019;Lun. 26;12:05;5.42; ;  ; ;05:54;2.72;18:43;2.53;
Août 2019;Mar. 27;00:47;5.54;13:18;5.85; ;07:11;2.39;19:50;2.05;
Août 2019;Mer. 28;01:51;5.99;14:16;6.37; ;08:12;1.92;20:46;1.51;
Août 2019;Jeu. 29;02:46;6.48;15:07;6.88; ;09:06;1.43;21:38;1.01;
Août 2019;Ven. 30;03:35;6.91;15:55;7.29; ;09:57;1;22:27;0.63;
Août 2019;Sam. 31;04:21;7.22;16:41;7.54; ;10:45;0.71;23:14;0.44;
Septembre 2019;Dim. 01;05:06;7.35;17:25;7.58; ;11:32;0.59; ;  ;
Septembre 2019;Lun. 02;05:50;7.29;18:09;7.41; ;00:00;0.46;12:17;0.68;
Septembre 2019;Mar. 03;06:33;7.06;18:52;7.05; ;00:45;0.69;13:02;0.97;
Septembre 2019;Mer. 04;07:15;6.67;19:36;6.54; ;01:29;1.12;13:46;1.4;
Septembre 2019;Jeu. 05;08:00;6.21;20:24;5.98; ;02:13;1.65;14:34;1.91;
Septembre 2019;Ven. 06;08:52;5.74;21:23;5.46; ;03:02;2.19;15:30;2.39;
Septembre 2019;Sam. 07;10:01;5.36;22:46;5.14; ;04:01;2.65;16:40;2.73;
Septembre 2019;Dim. 08;11:32;5.26; ;  ; ;05:19;2.89;18:07;2.79;
Septembre 2019;Lun. 09;00:20;5.16;12:53;5.47; ;06:45;2.82;19:23;2.57;
Septembre 2019;Mar. 10;01:29;5.43;13:51;5.81; ;07:52;2.54;20:19;2.25;
Septembre 2019;Mer. 11;02:18;5.76;14:35;6.14; ;08:41;2.21;21:02;1.94;
Septembre 2019;Jeu. 12;02:57;6.06;15:12;6.41; ;09:20;1.92;21:39;1.69;
Septembre 2019;Ven. 13;03:32;6.29;15:46;6.6; ;09:55;1.7;22:12;1.51;
Septembre 2019;Sam. 14;04:03;6.45;16:17;6.72; ;10:28;1.55;22:43;1.4;
Septembre 2019;Dim. 15;04:33;6.55;16:47;6.77; ;10:58;1.48;23:13;1.37;
Septembre 2019;Lun. 16;05:02;6.58;17:17;6.75; ;11:28;1.47;23:43;1.42;
Septembre 2019;Mar. 17;05:30;6.55;17:46;6.64; ;11:57;1.54; ;  ;
Septembre 2019;Mer. 18;05:59;6.46;18:16;6.47; ;00:12;1.54;12:27;1.7;
Septembre 2019;Jeu. 19;06:30;6.29;18:49;6.21; ;00:43;1.75;12:59;1.93;
Septembre 2019;Ven. 20;07:05;6.05;19:28;5.9; ;01:16;2.02;13:34;2.21;
Septembre 2019;Sam. 21;07:46;5.76;20:17;5.54; ;01:54;2.34;14:19;2.53;
Septembre 2019;Dim. 22;08:43;5.45;21:27;5.25; ;02:44;2.66;15:21;2.8;
Septembre 2019;Lun. 23;10:05;5.27;23:03;5.22; ;03:56;2.88;16:53;2.86;
Septembre 2019;Mar. 24;11:43;5.43; ;  ; ;05:30;2.83;18:24;2.55;
Septembre 2019;Mer. 25;00:32;5.56;13:01;5.91; ;06:52;2.45;19:34;2.01;
Septembre 2019;Jeu. 26;01:36;6.09;13:59;6.5; ;07:56;1.91;20:30;1.41;
Septembre 2019;Ven. 27;02:28;6.63;14:49;7.04; ;08:50;1.36;21:20;0.9;
Septembre 2019;Sam. 28;03:16;7.09;15:36;7.45; ;09:39;0.9;22:07;0.55;
Septembre 2019;Dim. 29;04:00;7.39;16:20;7.66; ;10:26;0.61;22:53;0.41;
Septembre 2019;Lun. 30;04:44;7.5;17:03;7.65; ;11:11;0.53;23:36;0.5;
Octobre 2019;Mar. 01;05:25;7.41;17:45;7.42; ;11:55;0.66; ;  ;
Octobre 2019;Mer. 02;06:06;7.14;18:26;7; ;00:19;0.8;12:37;1;
Octobre 2019;Jeu. 03;06:47;6.74;19:08;6.46; ;01:00;1.27;13:20;1.47;
Octobre 2019;Ven. 04;07:29;6.25;19:53;5.88; ;01:42;1.83;14:05;2.01;
Octobre 2019;Sam. 05;08:18;5.76;20:49;5.35; ;02:29;2.39;14:58;2.53;
Octobre 2019;Dim. 06;09:25;5.34;22:14;5.02; ;03:27;2.86;16:07;2.89;
Octobre 2019;Lun. 07;10:59;5.19;23:56;5.06; ;04:45;3.11;17:37;2.97;
Octobre 2019;Mar. 08;12:25;5.38; ;  ; ;06:17;3.03;18:58;2.74;
Octobre 2019;Mer. 09;01:04;5.37;13:24;5.73; ;07:25;2.72;19:52;2.4;
Octobre 2019;Jeu. 10;01:51;5.74;14:07;6.08; ;08:13;2.36;20:34;2.06;
Octobre 2019;Ven. 11;02:29;6.07;14:44;6.37; ;08:52;2.03;21:09;1.77;
Octobre 2019;Sam. 12;03:03;6.34;15:17;6.6; ;09:26;1.77;21:42;1.56;
Octobre 2019;Dim. 13;03:34;6.55;15:49;6.76; ;09:59;1.58;22:13;1.43;
Octobre 2019;Lun. 14;04:04;6.68;16:19;6.83; ;10:30;1.47;22:43;1.37;
Octobre 2019;Mar. 15;04:33;6.75;16:49;6.83; ;11:00;1.43;23:14;1.4;
Octobre 2019;Mer. 16;05:03;6.74;17:20;6.75; ;11:31;1.48;23:44;1.52;
Octobre 2019;Jeu. 17;05:33;6.66;17:52;6.58; ;12:02;1.62; ;  ;
Octobre 2019;Ven. 18;06:06;6.5;18:27;6.32; ;00:17;1.71;12:36;1.84;
Octobre 2019;Sam. 19;06:42;6.25;19:07;5.99; ;00:52;1.99;13:14;2.12;
Octobre 2019;Dim. 20;07:26;5.93;19:59;5.62; ;01:32;2.32;14:01;2.45;
Octobre 2019;Lun. 21;08:24;5.6;21:12;5.32; ;02:25;2.66;15:07;2.72;
Octobre 2019;Mar. 22;09:48;5.41;22:49;5.32; ;03:41;2.88;16:38;2.76;
Octobre 2019;Mer. 23;11:24;5.57; ;  ; ;05:13;2.81;18:05;2.46;
Octobre 2019;Jeu. 24;00:14;5.67;12:40;6.03; ;06:33;2.42;19:14;1.94;
Octobre 2019;Ven. 25;01:16;6.19;13:38;6.57; ;07:36;1.89;20:10;1.4;
Octobre 2019;Sam. 26;02:07;6.7;14:28;7.05; ;08:29;1.38;20:59;0.97;
Octobre 2019;Dim. 27;02:54;7.11;15:15;7.38; ;09:18;0.98;21:45;0.7;
Octobre 2019;Lun. 28;03:38;7.36;15:58;7.52; ;10:05;0.74;22:30;0.63;
Octobre 2019;Mar. 29;04:20;7.43;16:41;7.46; ;10:49;0.7;23:12;0.76;
Octobre 2019;Mer. 30;05:01;7.34;17:22;7.21; ;11:32;0.84;23:53;1.06;
Octobre 2019;Jeu. 31;05:41;7.09;18:02;6.83; ;12:14;1.16; ;  ;
Novembre 2019;Ven. 01;06:21;6.73;18:43;6.35; ;00:34;1.49;12:55;1.59;
Novembre 2019;Sam. 02;07:03;6.29;19:26;5.84; ;01:14;1.98;13:39;2.07;
Novembre 2019;Dim. 03;07:50;5.84;20:19;5.38; ;01:59;2.47;14:28;2.53;
Novembre 2019;Lun. 04;08:50;5.45;21:33;5.06; ;02:53;2.89;15:30;2.88;
Novembre 2019;Mar. 05;10:10;5.23;23:06;5.03; ;04:04;3.14;16:50;3.02;
Novembre 2019;Mer. 06;11:35;5.3; ;  ; ;05:29;3.14;18:11;2.88;
Novembre 2019;Jeu. 07;00:21;5.26;12:40;5.55; ;06:41;2.9;19:11;2.59;
Novembre 2019;Ven. 08;01:12;5.59;13:28;5.87; ;07:33;2.57;19:55;2.27;
Novembre 2019;Sam. 09;01:52;5.93;14:08;6.18; ;08:15;2.24;20:34;1.97;
Novembre 2019;Dim. 10;02:28;6.24;14:44;6.44; ;08:52;1.95;21:08;1.72;
Novembre 2019;Lun. 11;03:01;6.49;15:18;6.64; ;09:27;1.72;21:42;1.55;
Novembre 2019;Mar. 12;03:34;6.67;15:52;6.76; ;10:01;1.56;22:14;1.46;
Novembre 2019;Mer. 13;04:06;6.79;16:25;6.8; ;10:34;1.47;22:47;1.44;
Novembre 2019;Jeu. 14;04:39;6.83;16:59;6.76; ;11:08;1.47;23:21;1.51;
Novembre 2019;Ven. 15;05:13;6.78;17:35;6.63; ;11:44;1.55;23:58;1.67;
Novembre 2019;Sam. 16;05:50;6.65;18:14;6.4; ;12:22;1.72; ;  ;
Novembre 2019;Dim. 17;06:31;6.42;18:59;6.1; ;00:37;1.91;13:05;1.96;
Novembre 2019;Lun. 18;07:19;6.13;19:54;5.78; ;01:23;2.2;13:56;2.23;
Novembre 2019;Mar. 19;08:19;5.84;21:04;5.53; ;02:19;2.49;15:02;2.46;
Novembre 2019;Mer. 20;09:35;5.68;22:29;5.52; ;03:31;2.67;16:22;2.5;
Novembre 2019;Jeu. 21;10:59;5.77;23:46;5.77; ;04:52;2.62;17:40;2.3;
Novembre 2019;Ven. 22;12:13;6.07; ;  ; ;06:07;2.34;18:48;1.94;
Novembre 2019;Sam. 23;00:50;6.15;13:14;6.45; ;07:11;1.94;19:46;1.56;
Novembre 2019;Dim. 24;01:43;6.55;14:06;6.8; ;08:07;1.55;20:37;1.25;
Novembre 2019;Lun. 25;02:31;6.88;14:54;7.03; ;08:58;1.24;21:24;1.06;
Novembre 2019;Mar. 26;03:16;7.09;15:38;7.12; ;09:45;1.05;22:08;1.02;
Novembre 2019;Mer. 27;03:59;7.17;16:21;7.07; ;10:30;1.01;22:51;1.11;
Novembre 2019;Jeu. 28;04:40;7.11;17:02;6.9; ;11:13;1.1;23:32;1.33;
Novembre 2019;Ven. 29;05:21;6.95;17:42;6.62; ;11:54;1.32; ;  ;
Novembre 2019;Sam. 30;06:01;6.69;18:22;6.28; ;00:12;1.63;12:35;1.63;
Décembre 2019;Dim. 01;06:42;6.36;19:04;5.91; ;00:52;1.99;13:16;1.99;
Décembre 2019;Lun. 02;07:25;6;19:50;5.54; ;01:33;2.36;14:00;2.36;
Décembre 2019;Mar. 03;08:15;5.66;20:46;5.25; ;02:20;2.7;14:51;2.68;
Décembre 2019;Mer. 04;09:15;5.4;21:56;5.09; ;03:16;2.96;15:51;2.89;
Décembre 2019;Jeu. 05;10:26;5.28;23:11;5.14; ;04:23;3.08;17:02;2.93;
Décembre 2019;Ven. 06;11:36;5.35; ;  ; ;05:36;3.02;18:11;2.79;
Décembre 2019;Sam. 07;00:16;5.35;12:36;5.57; ;06:39;2.81;19:07;2.54;
Décembre 2019;Dim. 08;01:06;5.65;13:25;5.84; ;07:31;2.52;19:52;2.25;
Décembre 2019;Lun. 09;01:49;5.97;14:08;6.12; ;08:15;2.21;20:33;1.98;
Décembre 2019;Mar. 10;02:28;6.26;14:48;6.37; ;08:55;1.94;21:11;1.75;
Décembre 2019;Mer. 11;03:05;6.52;15:27;6.56; ;09:34;1.7;21:48;1.58;
Décembre 2019;Jeu. 12;03:43;6.71;16:05;6.69; ;10:12;1.52;22:26;1.48;
Décembre 2019;Ven. 13;04:20;6.83;16:44;6.73; ;10:51;1.42;23:05;1.45;
Décembre 2019;Sam. 14;04:59;6.87;17:25;6.69; ;11:31;1.39;23:46;1.51;
Décembre 2019;Dim. 15;05:41;6.82;18:08;6.56; ;12:15;1.46; ;  ;
Décembre 2019;Lun. 16;06:26;6.68;18:56;6.34; ;00:30;1.66;13:01;1.61;
Décembre 2019;Mar. 17;07:16;6.46;19:49;6.08; ;01:18;1.87;13:54;1.82;
Décembre 2019;Mer. 18;08:12;6.21;20:50;5.85; ;02:13;2.1;14:53;2.03;
Décembre 2019;Jeu. 19;09:16;6;21:59;5.72; ;03:16;2.29;15:59;2.17;
Décembre 2019;Ven. 20;10:27;5.9;23:12;5.76; ;04:25;2.36;17:09;2.18;
Décembre 2019;Sam. 21;11:40;5.96; ;  ; ;05:36;2.29;18:17;2.07;
Décembre 2019;Dim. 22;00:20;5.95;12:47;6.13; ;06:44;2.1;19:21;1.87;
Décembre 2019;Lun. 23;01:19;6.22;13:46;6.33; ;07:45;1.85;20:17;1.66;
Décembre 2019;Mar. 24;02:12;6.48;14:37;6.51; ;08:41;1.6;21:07;1.5;
Décembre 2019;Mer. 25;03:00;6.69;15:24;6.62; ;09:30;1.42;21:52;1.41;
Décembre 2019;Jeu. 26;03:44;6.82;16:07;6.65; ;10:16;1.32;22:35;1.41;
Décembre 2019;Ven. 27;04:25;6.86;16:48;6.61; ;10:58;1.31;23:15;1.48;
Décembre 2019;Sam. 28;05:05;6.81;17:27;6.49; ;11:38;1.39;23:54;1.62;
Décembre 2019;Dim. 29;05:44;6.68;18:05;6.3; ;12:17;1.56; ;  ;
Décembre 2019;Lun. 30;06:22;6.48;18:42;6.07; ;00:31;1.83;12:54;1.79;
Décembre 2019;Mar. 31;07:01;6.22;19:21;5.8; ;01:09;2.07;13:32;2.05;
